{
  "project_info": {
    "project_number": "190664531881",
    "firebase_url": "https://iot-lock-bc80d-default-rtdb.firebaseio.com",
    "project_id": "iot-lock-bc80d",
    "storage_bucket": "iot-lock-bc80d.appspot.com"
  },
  "client": [
    {
      "client_info": {
        "mobilesdk_app_id": "1:190664531881:android:6c27ca705a2d6a4d8d2eb8",
        "android_client_info": {
          "package_name": "com.imshashwat745.cycfit"
        }
      },
      "oauth_client": [],
      "api_key": [
        {
          "current_key": "AIzaSyDZ34MQh75Xsmh55HaX8uLGFFDbdoXOY7M"
        }
      ],
      "services": {
        "appinvite_service": {
          "other_platform_oauth_client": []
        }
      }
    }
  ],
  "configuration_version": "1"
}